Tijdstempel,programme,course_ML,course_retrieval,course_statistics,course_databases,gender,ChatGPT,birthday,age,students_in_room,prev_answer_stand,stress_level,sports_per_week,random_number,bed_time,good_day_(1),good_day_(2)
2023-04-04 12:16:05.346,AI,1,0,1,0,1,8,1999-05-14,23.0,100,0,50,1,1,04:30:00,Work,Relationships
2023-04-04 12:08:33.342,AI,1,0,1,0,5,1,1997-11-23,25.0,319,NaN,100,0,69,23:30:00,Ashes,Not ashes
2023-04-04 12:08:36.017,AI,0,0,0,0,1,8,,,600,0,60,2,42,23:00:00,good food,good sleep
2023-04-04 12:08:37.501,AI,0,0,1,0,2,0,,,220,0,20,5,17,23:30:00,Sports,Friends
2023-04-04 12:08:51.909,Data Mining,1,1,1,1,1,1,1996-06-25,26.0,100,NaN,50,5,12,23:00:00,Gym,Piano
2023-04-04 12:08:59.019,QRM,0,0,1,0,1,1,1998-08-18,24.0,300,0,65,10,874,23:00:00,Relax,Sun
2023-04-04 12:08:59.153,BA,1,0,1,1,2,1,2000-03-13,23.0,500,0,80,5,13,00:00:00,Coffee,Sunny weather
2023-04-04 12:09:02.275,AI,1,0,1,1,1,1,1999-07-21,23.0,150,0,100,7,27,23:00:00,Good code,Good code
2023-04-04 12:09:12.129,AI,1,1,1,1,1,1,2000-03-08,23.0,600,0,30,4,8,00:00:00,When the sun shines,If I am able to sport
2023-04-04 12:09:14.858,Comp Sci,0,0,NaN,0,1,8,1996-11-24,26.0,525,0,65,5,3.14,22:30:00,Expierence ,Expierence
2023-04-04 12:09:17.895,QRM,0,1,1,1,2,8,1998-12-07,24.0,570,0,70,6,777,00:00:00,Experience a serotonin molecule ,Experience another serotonin molecule 
2023-04-04 12:09:18.280,AI,1,0,1,1,1,1,1999-01-02,24.0,400,0,10,7,100,00:15:00,You,Finally losing my virginity
2023-04-04 12:09:21.912,CS,0,0,1,1,1,1,1999-11-14,23.0,550,1,100,0,28482947291,07:00:00,delicious food,nothing
2023-04-04 12:09:22.446,AI,1,1,1,1,1,1,,,NaN,1,NaN,NaN,696969,04:00:00,Netflix and,Chill
2023-04-04 12:09:26.085,CS,1,0,1,1,1,8,,,450,0,15,10,14,02:00:00,Something surprising emerging,Nothing bad happened
2023-04-04 12:09:27.778,CS,0,1,1,1,1,0,,,230,0,42,3,42,04:30:00,Coffee ,Engaging activities 
2023-04-04 12:09:33.158,BA,1,0,1,1,2,1,2000-09-25,22.0,300,1,50,3,25,23:00:00,Sun,Food
2023-04-04 12:09:43.636,AI,1,1,1,1,1,1,1999-02-04,24.0,600,0,0,6,666,00:00:00,Coffee,A good night sleep
2023-04-04 12:09:43.693,AI,1,1,1,1,1,1,1999-11-27,23.0,600,0,30,12,4153,22:45:00,Sunny weather,Going to the gym
2023-04-04 12:09:44.564,AI,1,0,1,0,1,1,1997-12-29,25.0,750,0,77,6,866,00:30:00,Thursday ,Saturday
2023-04-04 12:09:50.577,BA,1,1,1,1,2,1,2000-02-09,23.0,534,0,40,4,93,00:15:00,Sunshine,Friends or family 
2023-04-04 12:09:50.770,Neur sci,0,0,1,0,2,0,1999-05-09,23.0,350,0,70,8,9,22:30:00,Good food ,Good company
2023-04-04 12:09:52.061,AI,1,0,0,0,1,1,1999-05-14,23.0,150,0,100,NaN,290,04:00:00,Getting things done,Creating
2023-04-04 12:09:52.693,Comp Sci,0,1,1,0,1,8,1997-11-11,25.0,300,0,50,2,182638,00:00:00,No task,Alone
2023-04-04 12:09:54.193,BA,1,0,1,0,2,0,,,800,0,70,0,90,00:00:00,eat well,sleep well
2023-04-04 12:09:58.524,AI,1,1,1,1,2,1,1997-08-08,25.0,516,0,6,1,666,00:30:00,The sun,Friends and food
2023-04-04 12:09:58.893,CS,0,0,1,0,2,1,1998-05-11,24.0,85,0,80,0,11,00:00:00,Good food,Productivity
2023-04-04 12:09:59.865,CS,1,0,1,1,2,0,2002-09-15,20.0,450,0,70,2,96,02:00:00,Eating chocolate,Getting a high grade 
2023-04-04 12:10:03.352,BA,1,0,1,0,1,1,1997-04-26,25.0,400,0,99,2,4,02:00:00,Being productive ,Having a good meal
2023-04-04 12:10:04.711,CS,1,0,0,0,1,1,2000-10-24,22.0,380,NaN,80,8,30,02:45:00,food ,game
2023-04-04 12:10:09.143,AI,1,0,NaN,1,4,8,2002-07-05,20.0,200,0,10,5,189572,01:00:00,Good night rest,No anxiety
2023-04-04 12:10:10.593,CS,1,0,1,0,2,8,2000-01-31,23.0,449,0,67,2,7,00:30:00,Family ,Good food
2023-04-04 12:10:11.249,CS,1,0,1,0,2,1,1997-05-03,25.0,600,0,80,2,7,22:20:00,blue skies,lakes/beach
2023-04-04 12:10:13.522,CS,NaN,NaN,1,1,1,0,1999-03-31,24.0,500,NaN,90,8,24,00:00:00,Good weather,No assigment
2023-04-04 12:10:14.488,CS,0,0,1,1,2,1,,,200,0,30,8,27,23:30:00,sunny days,good meals
2023-04-04 12:10:15.376,CS,1,0,NaN,0,2,0,1998-12-18,24.0,400,0,10,4,25,02:00:00,Slept well,Food 
2023-04-04 12:10:16.574,Finance,1,1,1,1,1,8,1998-02-17,25.0,400,0,80,3,11,00:00:00,Friends,Family
2023-04-04 12:10:17.113,AI,1,1,1,0,2,1,1999-08-22,23.0,400,0,80,6,69,22:30:00,A sunny day ,If I had a nice workout 
2023-04-04 12:10:17.590,AI,0,1,1,0,2,1,1998-09-28,24.0,500,0,50,4,56,23:30:00,Sunny,Good food 
2023-04-04 12:10:18.395,CS,1,1,1,1,1,1,2001-07-05,21.0,300,0,50,6,10,06:00:00,Feeling productive,Exercised
2023-04-04 12:10:21.433,AI,1,1,1,1,2,1,1999-03-12,24.0,350,0,40,8,9,23:30:00,Good food,Nice people
2023-04-04 12:10:26.672,NaN,1,1,1,1,2,1,1997-12-14,25.0,400,0,90,4,3,01:00:00,No obligations,Being outside in the sun
2023-04-04 12:10:31.796,CS,1,0,1,1,2,1,2001-10-31,21.0,300,0,NaN,2,2,04:00:00,good morning routine,sunny weather
2023-04-04 12:10:34.539,Comp Sci,1,0,1,1,2,1,2001-01-10,22.0,270,NaN,39,10,987654321123456000,,Family!,Friends!
2023-04-04 12:10:36.031,AI,1,1,1,0,2,0,,,180,0,25,5,66,23:30:00,Good weather ,Cats 
2023-04-04 12:10:36.460,CS,1,0,1,0,1,1,1996-04-24,26.0,230,0,15,12,99,01:00:00,food,sex
2023-04-04 12:10:37.990,CS,1,0,1,0,7,1,1999-08-08,23.0,500,0,30,4,3,00:00:00,bread,coffee
2023-04-04 12:10:38.254,Hum Lang Tech,1,0,0,0,2,8,1994-06-18,28.0,400,0,55,4,4,00:30:00,coffee,good sleep
2023-04-04 12:10:38.729,AI,0,0,1,0,1,1,1998-09-19,24.0,100,0,10,0,23,00:00:00,Sticking to my timetable ,Eating good food 
2023-04-04 12:10:40.081,CS,1,1,1,1,2,8,2000-09-08,22.0,520,0,70,4,999,00:00:00,The sun ,Chill in nature
2023-04-04 12:10:41.017,CS,1,0,1,0,2,1,1998-04-17,25.0,550,0,0,3,43,00:30:00,Working out,No class
2023-04-04 12:10:41.507,CS,1,NaN,1,1,1,1,2000-11-02,22.0,200,0,30,7,Random number,02:00:00,Nice weather,Kindness
2023-04-04 12:10:41.862,CS,NaN,0,1,0,1,1,1998-09-06,24.0,75,0,55,5,6,00:00:00,Good results,Prodictivity
2023-04-04 12:10:43.209,CS,1,0,NaN,1,1,8,2000-02-28,23.0,300,NaN,30,5,69,00:00:00,coffee,sunset
2023-04-04 12:10:44.747,Finance,1,NaN,1,0,1,1,1998-03-30,25.0,200,0,50,7,42,00:30:00,Sunny weather,No class
2023-04-04 12:10:44.894,CS,0,0,1,1,2,8,1998-06-12,24.0,300,0,99,5,22,01:40:00,Good food,Biking
2023-04-04 12:10:44.938,CS,1,0,1,1,2,1,1999-01-16,24.0,400,0,65,3,4,22:00:00,Nice weather,Friends
2023-04-04 12:10:45.347,CS,1,0,NaN,0,2,1,1996-04-22,26.0,581,0,100,3,22,01:00:00,No class,No exam
2023-04-04 12:10:46.302,AI,0,0,1,0,2,1,1999-08-12,23.0,120,0,30,5,35,02:00:00,Good breakfast,Good workout
2023-04-04 12:10:46.606,Finance,1,1,1,0,5,0,,,400,0,NaN,5,29,02:00:00,A day where I went to the gym,A productive day study-wise
2023-04-04 12:10:48.354,Finance,1,0,0,0,1,0,1997-06-02,25.0,200,0,10,0,7,01:00:00,Food,Sun
2023-04-04 12:10:48.481,CLS,0,0,1,0,1,1,1999-05-28,23.0,300,0,35,3,6,00:15:00,Vacation,Company
2023-04-04 12:10:48.605,Hum Lang Tech,1,0,1,0,2,0,2000-12-28,22.0,500,0,17,2,22,02:00:00,Good weather,Free time
2023-04-04 12:10:49.096,AI,1,0,1,1,2,8,1998-03-31,25.0,222,0,98,0,5,05:30:00,eat well,sleep well
2023-04-04 12:10:49.623,Comp Sci,1,1,1,1,2,8,1999-05-02,23.0,300,0,70,1,69,00:00:00,Coffee,Friends
2023-04-04 12:10:49.891,Hum Lang Tech,1,0,1,0,2,1,2000-11-06,22.0,200,0,10,2,5,00:00:00,good weather ,friends
2023-04-04 12:10:50.151,Finance,1,1,1,0,1,0,2000-06-02,22.0,350,0,0,4,6,22:00:00,food,sleep
2023-04-04 12:10:50.736,BA,1,0,1,0,2,1,,,150,0,15,5,8,00:30:00,Sun,Good night of sleep
2023-04-04 12:10:51.332,AI,0,0,1,0,2,1,2000-02-19,23.0,350,0,70,1,28,00:30:00,Good meal,Sun
2023-04-04 12:10:51.828,CS,1,0,1,0,1,0,1997-08-07,25.0,300,0,50,4,3,01:00:00,Music,Food
2023-04-04 12:10:53.064,CS,1,0,1,1,2,1,1997-05-01,25.0,580,0,60,1,8,00:00:00,Sun,Good food
2023-04-04 12:10:53.123,AI,0,0,1,0,2,1,,,300,0,50,1,99,23:30:00,Nice weather,Nice meal and coffee
2023-04-04 12:10:53.326,CS,1,1,1,1,1,1,2001-07-08,21.0,100,0,40,7,6,00:30:00,Good food ,Sun
2023-04-04 12:10:53.723,AI,1,0,1,1,2,0,1997-06-17,25.0,285,0,NaN,0,65435798764476555,23:00:00,No lecture,Sun
2023-04-04 12:10:54.804,AI,0,0,1,1,1,0,,,400,0,5,10,7556544,23:30:00,Holiday ,Sport
2023-04-04 12:10:55.250,BA,1,0,1,1,2,0,1996-08-18,26.0,350,0,20,15,26,22:30:00,Sunshine,Friends 
2023-04-04 12:10:55.713,BA,1,0,1,1,1,0,,,550,0,30,10,8,23:00:00,Good weather,Friend
2023-04-04 12:10:55.815,AI,1,0,1,1,2,1,1998-12-04,24.0,170,0,65,8,69,22:30:00,Good weather,Walking my dog
2023-04-04 12:10:55.880,CS,1,0,1,1,2,0,1999-09-16,23.0,581,0,100,0,69,23:00:00,Having some free time for once,No exam
2023-04-04 12:10:56.095,CS,1,1,1,1,1,8,,,400,1,10,6,8,01:00:00,work done,travelling
2023-04-04 12:10:56.148,CS,1,0,1,1,1,1,2000-11-05,22.0,200,0,100,2,7,04:00:00,well fed,well rested
2023-04-04 12:10:56.138,CS,1,0,1,0,1,1,1996-10-26,26.0,300,0,10,7,936,23:30:00,Productive ,Coffee
2023-04-04 12:10:56.233,NaN,0,0,1,0,2,8,,,365,0,99,0,7,23:40:00,Gossiping,Sleep
2023-04-04 12:10:56.216,BA,1,1,1,1,2,1,2001-10-23,21.0,555,0,66,4,3,23:00:00,Lekker eten,Leuke mensen
2023-04-04 12:10:56.301,Comp Sci,1,0,1,0,1,0,1999-06-22,23.0,226,0,5,3,73837471910183,00:00:00,Friends,Sun
2023-04-04 12:10:56.633,AI,1,1,0,1,1,1,,,280,0,51,3,42,23:00:00,Good sleep,Tasty meal for dinner
2023-04-04 12:10:56.678,AI,1,1,1,0,2,1,2000-08-12,22.0,500,0,40,6,18,22:00:00,Friends and food,Nice weather
2023-04-04 12:10:56.745,CS,0,0,1,1,1,1,,,NaN,0,NaN,6,1337,00:30:00,A nice phish,lots of stress
2023-04-04 12:10:56.970,BA,1,0,1,0,2,1,1999-09-15,23.0,175,0,15,8,9,00:15:00,Sun,Good food
2023-04-04 12:10:57.109,CS,1,0,0,0,1,1,1997-12-12,25.0,500,0,5,6,8,02:00:00,Morning sex,Cocain
2023-04-04 12:10:57.199,CS,1,0,1,0,2,1,2000-09-04,22.0,300,0,15,9,56,00:00:00,warm and sunny,friends
2023-04-04 12:10:57.219,CS,0,1,1,0,2,1,,,400,0,75,7,3,21:30:00,Doing yoga,Sunshine 
2023-04-04 12:10:57.559,Info Sci,1,1,NaN,1,1,1,1999-08-23,23.0,250,0,40,3,Driehonderd ,23:59:00,Sun,Music 
2023-04-04 12:10:57.633,Finance,1,1,1,0,1,0,1997-08-31,25.0,284,0,5,2,6,23:30:00,Nice weather,Winning at life
2023-04-04 12:10:57.636,AI,1,0,1,1,1,1,2000-05-23,22.0,220,0,5,7,6,23:30:00,Beer,Beer(2)
2023-04-04 12:10:57.759,AI,0,0,1,1,7,1,1999-11-24,23.0,200,0,90,9,pi,,being productive,being relaxed
2023-04-04 12:10:57.746,AI,1,0,1,0,2,1,,,222,0,99,2,42,03:00:00,Good weather,No stress
2023-04-04 12:10:58.357,Finance,1,0,1,0,2,1,,,453,0,65,4,1827,00:00:00,Well rested ,Exercise
2023-04-04 12:10:58.553,AI,1,1,1,1,1,1,1999-09-27,23.0,31,1,NaN,0,90,02:35:00,Data,Mining
2023-04-04 12:10:58.628,QRM,0,0,1,0,2,1,2000-05-02,22.0,250,0,70,6,536,22:00:00,Seeing friends,No study
2023-04-04 12:10:58.689,CS,0,1,1,1,1,1,,,300,0,50,1,8,00:00:00,Money,Sleeping
2023-04-04 12:10:59.587,CS,0,0,1,0,2,1,1998-04-03,25.0,487,0,9,11,4,23:00:00,Coffee,Sun
2023-04-04 12:10:59.856,BA,1,1,1,1,2,1,,,300,0,50,4,7,23:15:00,The sun shining ,Friends
2023-04-04 12:10:59.873,AI,1,NaN,NaN,1,2,1,1997-09-10,25.0,400,0,70,10,9997655,22:50:00,Sun,Friends
2023-04-04 12:10:59.872,Comp Sci,1,0,1,1,2,1,,,550,0,70,3,7,01:20:00,nice weather,good news
2023-04-04 12:10:59.923,AI,0,0,1,0,2,1,2000-06-08,22.0,250,0,86,6,7,23:15:00,Oatmeal,Sex
2023-04-04 12:11:00.149,Finance,1,0,1,0,1,8,1997-02-12,26.0,187,0,85,0,3840,01:00:00,Having a good meal,Going on a nice walk with my dog
2023-04-04 12:11:00.768,NaN,0,0,1,0,1,1,,,236,0,99,6,77266200376655155388366366655583,22:00:00,Preheating a sausage roll ,
2023-04-04 12:11:01.426,Finance,1,0,1,0,1,1,1998-04-30,24.0,450,0,69,8,28,23:30:00,Good food,Sleep 
2023-04-04 12:11:01.622,AI,1,0,1,1,2,1,,,229,0,100,1,9,00:30:00,Good breakfast,Good sleep
2023-04-04 12:11:01.623,CS,1,0,1,0,2,1,1997-04-17,25.0,300,0,68,1,76,03:00:00,Nice weather,Wake up early
2023-04-04 12:11:02.210,AI,0,0,1,1,2,1,1999-06-14,23.0,100,0,10,1,99,23:00:00,The sun,Good food
2023-04-04 12:11:02.574,AI,1,0,1,1,1,0,1997-05-30,25.0,420,0,30,6,9,00:25:00,Good food,Sunshine
2023-04-04 12:11:02.676,AI,1,0,1,0,2,1,1997-08-06,25.0,230,0,43,5,37,00:20:00,Nice breakfast,Sun shining
2023-04-04 12:11:02.857,AI,1,1,1,0,7,1,1999-05-06,23.0,350,0,1,10,2645738475736375389,01:00:00,sun and free time,food
2023-04-04 12:11:03.380,BA,1,0,1,0,1,1,2000-03-04,23.0,350,0,22,7,58,23:30:00,Nice weather ,Gym  
2023-04-04 12:11:03.441,AI,1,0,1,0,1,8,,,427,0,62,5,27922261,02:00:00,Socializing,Activities
2023-04-04 12:11:04.216,Exch,1,0,NaN,0,2,1,,,456,0,99,7,7,23:59:00,good food,new friends
2023-04-04 12:11:04.200,CS,1,1,1,0,1,8,1997-08-11,25.0,350,0,60,8,3.14,00:30:00,sleeping out,making music
2023-04-04 12:11:04.323,CS,1,NaN,1,1,4,0,1999-11-06,23.0,250,0,40,5,21,23:45:00,Nice weather,Good deed done
2023-04-04 12:11:04.533,BA,1,1,1,1,2,1,,,900,NaN,100,0,3,22:30:00,Fun,Bier
2023-04-04 12:11:04.746,Comp Sci,1,0,1,0,1,1,2000-05-19,22.0,300,0,10,8,948467618289167649818181849739491,22:00:00,Being active,Getting a good night's sleep 
2023-04-04 12:11:04.760,NaN,1,0,1,0,1,1,2000-08-14,22.0,275,0,30,6,42,01:00:00,Having a good chat with friends ,Food and drinks
2023-04-04 12:11:05.228,AI,1,0,1,1,1,0,1997-02-05,26.0,376,0,60,10,6721,22:16:00,Time to read,A good lunch
2023-04-04 12:11:05.468,CS,0,0,0,0,1,1,1994-07-14,28.0,NaN,0,NaN,5,7,00:00:00,Clear Skies,Sunny days
2023-04-04 12:11:05.552,AI,1,0,0,1,2,0,1985-04-23,37.0,413,0,74,5,623,21:53:00,sunshine,cake
2023-04-04 12:11:05.889,Comp Sci,0,1,1,0,2,1,1997-09-30,25.0,325,0,45,3,72,02:00:00,Arts & Crafts,Good Music
2023-04-04 12:11:06.008,AI,1,0,1,0,1,1,1997-12-22,25.0,543,0,15,6,158295726,00:30:00,The sun,Free time
2023-04-04 12:11:06.008,CS,1,0,0,1,1,8,1999-03-13,24.0,150,0,80,5,88,02:30:00,video game,video game
2023-04-04 12:11:06.214,CS,1,0,1,1,1,0,1998-05-11,24.0,600,0,65,4,69,,Little stress,Having fun
2023-04-04 12:11:06.214,AI,0,1,1,1,2,1,1999-04-25,23.0,380,0,NaN,10,4,01:00:00,Did sports ,Being productive in some way 
2023-04-04 12:11:06.336,CS,0,0,1,1,2,1,1999-05-25,23.0,280,0,40,6,68,23:00:00,Sun,Being free
2023-04-04 12:11:06.622,AI,1,0,1,1,1,1,1999-12-05,23.0,350,0,20,1,4,02:00:00,Progress,Learning
2023-04-04 12:11:06.748,Finance,1,0,1,0,1,0,1999-01-20,24.0,400,0,15,8,1,22:30:00,Sport,Drinks
2023-04-04 12:11:06.912,CS,1,0,0,0,1,8,,,450,0,23,10,23,01:00:00,Sleeping in,Being duty-free
2023-04-04 12:11:06.951,Bio Sci,0,0,1,0,1,0,2001-01-15,22.0,400,0,20,6,8,23:00:00,Good sleep,Good meal
2023-04-04 12:11:07.468,P Analysis,0,0,1,0,2,0,,,456,0,85,3,3,23:30:00,"Sun, coffee, friends","Good sleep, no stress, laughter"
2023-04-04 12:11:07.970,AI,1,0,1,1,2,1,1992-08-11,30.0,575,0,99,10,7,00:22:00,enough sleep,sun
2023-04-04 12:11:08.155,Comp Sci,NaN,0,1,1,1,1,,,300,0,50,5,4793374949,00:00:00,Good sleep,Good food and beer with friends 
2023-04-04 12:11:08.480,CS,0,1,0,1,1,0,1987-04-25,35.0,200,0,0,4,59,00:00:00,Lekker eten en slapen,Goed slaap
2023-04-04 12:11:08.480,QRM,1,0,0,0,2,1,2001-08-08,21.0,350,0,95,4,8,23:30:00,Sport,Study success
2023-04-04 12:11:09.374,AI,1,1,1,1,1,1,1997-01-17,26.0,287,0,6,4,7,02:45:00,Mood,Circumstances
2023-04-04 12:11:09.871,AI,1,1,1,0,1,1,,,400,0,10,8,63,00:30:00,The sun shining,Having worked out in the morning
2023-04-04 12:11:09.962,AI,1,1,1,0,2,1,,,400,0,10,3,6,23:00:00,Sunshine,Friends
2023-04-04 12:11:10.549,BA,1,0,1,1,2,1,1998-11-15,24.0,400,0,70,3,6,00:00:00,Good food,No deadlines
2023-04-04 12:11:10.884,AI,1,1,NaN,1,1,0,,,180,0,0,8,29,00:00:00,fixed bugs in the code,not able to fix bugs in the code
2023-04-04 12:11:10.945,AI,0,0,1,0,1,1,2001-03-10,22.0,283,0,8,9,42,23:00:00,Training,Winning
2023-04-04 12:11:11.562,CS,1,0,1,0,2,1,,,350,0,50,3,33,23:30:00,Prayer,Loved ones
2023-04-04 12:11:11.785,CS,0,0,1,0,1,1,1999-01-15,24.0,400,0,25,10,420,23:00:00,"Friends, sport, using my brain, helping someone",Sex
2023-04-04 12:11:11.875,Comp Sci,0,1,1,0,2,1,1999-10-07,23.0,450,0,10,4,5,02:00:00,Good sleep ,Painting
2023-04-04 12:11:12.105,BA,1,1,1,1,1,1,1995-07-07,27.0,400,0,30,6,73,00:00:00,Sport,Sunny walk
2023-04-04 12:11:12.138,AI,1,0,1,1,1,1,,,400,0,10,10,2,23:00:00,Good weather,Doing sports
2023-04-04 12:11:12.568,BA,1,1,1,1,2,1,2000-09-11,22.0,500,0,90,3,12,00:30:00,Coffee,Sunshine
2023-04-04 12:11:12.586,BA,1,1,1,1,1,0,2000-07-09,22.0,400,0,90,4,420,23:30:00,Fun activities for work/school,Enough sleep
2023-04-04 12:11:12.657,BA,1,1,1,1,1,1,,,334,0,80,20,4,21:00:00,Start with a training on the water (rowing),Getting 8 hours of sleep
2023-04-04 12:11:13.339,CS,1,NaN,1,0,7,0,2001-01-10,22.0,657,0,NaN,0,83635367383883939383726242,23:58:00,air,ideas
2023-04-04 12:11:13.398,CLS,1,0,1,0,1,0,1999-12-21,23.0,348,0,0,15,5,23:00:00,Exercise ,Reading
2023-04-04 12:11:13.650,AI,0,0,1,1,2,0,1999-12-23,23.0,350,0,20,7,23,00:30:00,Doing everything from my ToDo list,Taking a walk
2023-04-04 12:11:14.301,AI,1,0,1,0,2,1,1999-11-06,23.0,400,0,26,5,53645936,00:30:00,Relaxing,Meeting friends
2023-04-04 12:11:14.720,AI,1,0,1,1,1,1,1990-01-01,33.0,500,0,NaN,5,314159,23:05:00,Sun,Productivity
2023-04-04 12:11:14.758,Comp Sci,0,0,1,0,1,1,1998-08-02,24.0,189,0,75,10,7362562722,00:26:00,Sleep,Weather
2023-04-04 12:11:15.588,AI,1,1,1,1,2,1,2000-05-03,22.0,520,0,20,2,67,23:00:00,Good food,Good sleep
2023-04-04 12:11:15.654,CS,1,0,0,0,2,1,1999-06-16,23.0,500,1,99,2,6,23:01:00,nothing happens,sunny days
2023-04-04 12:11:16.048,CS,0,1,1,1,2,0,2000-12-14,22.0,400,0,65,4,4,01:00:00,Sunny day,Sushi
2023-04-04 12:11:15.646,CS,1,1,NaN,1,2,8,2000-03-21,23.0,300,0,20,6,3,00:00:00,sun,holiday
2023-04-04 12:11:16.490,CS,1,NaN,1,1,1,0,1998-03-23,25.0,477,0,45,4,3,00:30:00,Getting all my things done ,Winning a lottery
2023-04-04 12:11:16.635,CS,1,0,1,1,2,1,,,350,1,7,7,7,02:00:00,music,alcohol
2023-04-04 12:11:17.060,CS,0,0,1,0,2,0,1997-11-23,25.0,250,0,50,1,73,02:00:00,Being productive,Quality time with friends
2023-04-04 12:11:17.767,Comp Sci,1,0,1,1,1,1,2000-11-18,22.0,450,0,60,15,27,00:00:00,Doing an activity or sports,When I do not need to do anything for school
2023-04-04 12:11:18.265,CS,1,0,1,1,1,8,1998-05-08,24.0,450,0,60,10,3,23:00:00,Good weather,Progress in study
2023-04-04 12:11:18.354,Digi Bus,1,0,1,1,1,1,1998-01-05,25.0,200,0,20,7,7,21:00:00,Having time to workout,"Having nice, sunny weather"
2023-04-04 12:11:18.448,AI,1,0,1,1,1,1,1998-03-09,25.0,250,0,70,7,9,02:00:00,Sleep,Travel
2023-04-04 12:11:18.520,CS,1,0,0,0,2,1,,,400,1,NaN,0,9,00:30:00,good food,excellent people
2023-04-04 12:11:18.679,CS,1,0,1,1,2,1,2000-11-29,22.0,200,0,99,1,666,02:00:00,Sunny day,No class
2023-04-04 12:11:18.726,CS,0,0,0,0,1,1,,,300,0,100,7,7,01:00:00,a nice weather,a nice meal
2023-04-04 12:11:18.936,AI,1,0,1,1,2,0,1998-03-31,25.0,450,0,5,6,3,01:00:00,waking up early and working out,sunny and warm weather 
2023-04-04 12:11:19.101,QRM,0,0,1,0,2,0,2001-05-10,21.0,451,0,90,2,8,00:30:00,No 9 AM lecture,Food
2023-04-04 12:11:20.371,CS,0,0,1,0,1,8,,,420,0,100,3,20,22:30:00,Good grade,Learning on Machine Learning
2023-04-04 12:11:20.494,CS,1,1,0,1,1,8,,,438,NaN,100,1,0,,Idk never had any,Like I said
2023-04-04 12:11:20.540,CS,0,0,1,0,1,1,1995-05-01,27.0,500,0,60,5,7,00:30:00,Sleep-in,Sunshine
2023-04-04 12:11:20.897,BA,1,NaN,1,1,4,1,1999-06-20,23.0,200,0,30,3,6,00:00:00,Sleeping well,enough credits
2023-04-04 12:11:21.100,CS,1,0,1,1,1,0,,,250,0,85,5,420,23:50:00,Avocado Toast,winning at chess
2023-04-04 12:11:21.129,BA,1,1,1,1,2,1,2001-10-10,21.0,350,0,60,2,55,23:30:00,Sunshine,Good food
2023-04-04 12:11:21.240,BA,1,NaN,1,1,2,1,1999-08-18,23.0,250,0,73,0,73,23:00:00,Wake up feeling rested,Hugs
2023-04-04 12:11:21.494,AI,0,0,1,1,2,1,2000-06-29,22.0,200,0,5,8,1,23:30:00,Cold dip in open water,Pizza
2023-04-04 12:11:21.678,CS,1,0,0,0,1,1,1999-09-11,23.0,230,0,5,0,333,02:00:00,Free time to do whatever I want!,Nice food and good stuff to watch 
2023-04-04 12:11:22.007,CS,0,0,1,0,1,1,2000-11-18,22.0,250,0,25,4,18364,22:30:00,Time off,Outside
2023-04-04 12:11:22.106,BA,1,0,1,1,1,1,1999-09-21,23.0,300,0,5,10,46372726,23:00:00,Fun activities,Good weather
2023-04-04 12:11:22.184,AI,1,0,1,1,5,8,,,800,0,100,8,726361918372611819732618191817,02:00:00,Getting paid,Eating
2023-04-04 12:11:22.727,CS,0,0,NaN,1,7,8,1990-11-20,32.0,400,1,50,8,2022222,01:00:00,weather,food
2023-04-04 12:11:23.310,NaN,0,0,1,0,1,1,,,NaN,0,NaN,21,99,,When people gimme foody,Going SSJ
2023-04-04 12:11:23.377,AI,0,0,1,0,5,8,1995-04-23,27.0,266,0,11,10,237948422,01:00:00,Sex,Sports
2023-04-04 12:11:23.870,CS,0,0,1,1,1,0,1999-08-12,23.0,380,0,40,4,17,00:00:00,Getting things done,Good weather
2023-04-04 12:11:24.240,CS,0,0,1,0,1,0,,,400,0,5,10,5,23:50:00,Going to the gym,Having a sufficient amount of sleep
2023-04-04 12:11:24.324,CS,1,0,1,0,1,1,,,643,0,69,7,69,01:00:00,Sun,Not being in the Netherlands
2023-04-04 12:11:24.626,AI,1,1,1,1,1,8,1999-03-12,24.0,581,0,39,1,13,02:01:00,Food,Productivity
2023-04-04 12:11:24.976,AI,1,1,1,1,2,8,1999-08-24,23.0,250,0,50,2,24,00:40:00,Good weather,Hanging out with friends 
2023-04-04 12:11:25.298,AI,1,NaN,1,1,2,0,2001-09-14,21.0,458,0,68,6,17,23:59:00,sunshine,books
2023-04-04 12:11:25.724,BA,1,0,1,0,2,1,2000-05-19,22.0,588,0,80,1,8,22:00:00,Weather,Friends 
2023-04-04 12:11:25.921,CS,0,1,1,0,2,1,,,400,0,70,5,119,01:30:00,Sun shining,Good food
2023-04-04 12:11:26.262,CS,1,NaN,0,1,2,1,1998-09-20,24.0,400,0,70,2,45,02:00:00,Spending time with someone I love,Good food
2023-04-04 12:11:26.245,AI,1,0,1,0,2,0,1996-10-28,26.0,410,0,40,0,9,02:00:00,Feeling energetic,Not worrying
2023-04-04 12:11:26.387,CS,1,1,1,1,2,1,2000-11-25,22.0,300,0,100,0,886,01:50:00,good weather,interesting data mining course
2023-04-04 12:11:26.648,AI,1,1,1,1,2,1,1998-05-05,24.0,418,0,18,3,68,22:00:00,Sunny weather,Being well-rested
2023-04-04 12:11:26.652,Finance,1,0,1,0,1,1,1999-11-05,23.0,325,0,31,4,99,23:30:00,Sun,Money
2023-04-04 12:11:26.697,BA,1,0,1,0,2,0,1999-06-01,23.0,500,0,98,3,6,23:00:00,Eating yummy food! ,Playing fun games! 
2023-04-04 12:11:27.628,Comp Sci,1,NaN,1,1,2,1,1999-08-23,23.0,400,0,80,4,3,23:45:00,Got a lot done,Beer with friends
2023-04-04 12:11:27.652,CS,0,0,0,0,1,1,1998-02-05,25.0,339,0,80,2,69420,01:00:00,Sunlight,Being with friends
2023-04-04 12:11:27.875,BA,1,0,1,1,2,1,,,500,0,60,3,4,01:00:00,warm weather,good diner
2023-04-04 12:11:27.960,CS,0,1,1,0,1,8,2000-06-13,22.0,300,0,10,4,72,01:00:00,Friends,Activity
2023-04-04 12:11:28.247,CS,1,1,1,1,1,1,1998-04-17,25.0,520,0,20,5,17,01:30:00,Good sleep,Excersise 
2023-04-04 12:11:28.564,CS,1,0,1,0,1,1,1997-11-06,25.0,400,0,30,6,27,02:00:00,Having a good day of work,Sport
2023-04-04 12:11:29.198,PHD,0,0,1,1,2,0,1999-04-15,24.0,473,0,15,4,8,23:00:00,Sun,Day off
2023-04-04 12:11:29.623,Comp Sci,0,1,1,NaN,2,1,2000-02-21,23.0,600,0,30,2,2,01:00:00,No stress,Winning League of Legends
2023-04-04 12:11:29.753,CS,0,1,0,1,2,1,,,250,1,99,2,3,04:00:00,good sleep,sunshine
2023-04-04 12:11:29.793,CS,1,1,0,1,1,0,2001-09-09,21.0,300,0,30,6,69,01:00:00,Free schedule,Good weather
2023-04-04 12:11:29.981,CS,1,0,0,0,2,1,2000-10-09,22.0,500,0,33,2,37,00:40:00,NO DDL,cozy environment
2023-04-04 12:11:30.422,CLS,0,1,1,0,1,1,,,400,0,30,4,582948164919474718928472615648910748748284728949293765313567899097472791983646595910916526819048857579202010109485748929275747382991919847575748389291010,23:30:00,Sports,Beer
2023-04-04 12:11:31.990,CS,1,0,0,0,2,0,2000-06-20,22.0,400,0,70,4,98,01:30:00,nice weather ,seeing my friends 
2023-04-04 12:11:32.643,CS,0,0,1,0,2,0,2001-07-07,21.0,500,0,60,4,7,22:30:00,Sunshine,Going out with friends
2023-04-04 12:11:33.221,CS,0,0,1,1,1,1,,,420,0,20,9,7,00:00:00,☕,good weather 
2023-04-04 12:11:33.295,CS,1,0,0,0,1,1,1999-02-04,24.0,332,0,10,3,14,00:30:00,Good food,Productivity
2023-04-04 12:11:33.404,AI,0,0,1,1,1,1,1995-03-11,28.0,140,0,NaN,3,69,01:00:00,Coffee,More coffee
2023-04-04 12:11:33.470,AI,0,0,1,0,1,0,,,500,0,30,1,73,23:00:00,Sunlight,Good music
2023-04-04 12:11:33.950,CS,1,1,1,1,1,1,1999-02-23,24.0,250,0,30,6,69,00:30:00,No lectures ,Nice weather 
2023-04-04 12:11:34.002,CS,1,1,0,1,2,1,,,350,NaN,60,2,101,03:00:00,no deadlines,good weather
2023-04-04 12:11:34.117,BA,1,NaN,1,1,1,1,1997-09-19,25.0,150,1,60,6,9,02:00:00,The weather ,Drinking coffee 
2023-04-04 12:11:34.464,CS,1,0,1,1,2,8,,,183,0,NaN,9,4579,01:00:00,Seeing friends,Doing something fun
2023-04-04 12:11:35.037,BA,1,1,1,1,2,1,2001-01-04,22.0,450,0,60,5,11,23:30:00,Good weather,Fun things to do
2023-04-04 12:11:35.593,CS,0,0,1,0,1,1,1999-09-15,23.0,90,0,70,4,8798,01:00:00,Finishing an exam,Being efficient
2023-04-04 12:11:35.936,AI,0,NaN,1,1,2,8,1997-12-11,25.0,509,0,50,3,76,23:00:00,Sun ,Good food
2023-04-04 12:11:36.640,AI,1,NaN,1,1,1,1,,,290,0,1,10,56784,00:00:00,Happyness,Sun
2023-04-04 12:11:36.814,BA,1,1,1,1,1,1,2000-09-05,22.0,350,0,20,8,9,02:00:00,Sun,Late wakeup 
2023-04-04 12:11:37.147,AI,1,0,1,1,2,1,2000-11-27,22.0,600,0,50,8,123008483,,sun,sports
2023-04-04 12:11:37.478,AI,1,1,1,1,1,8,1999-12-30,23.0,557,0,NaN,4,19191919191919191919292929299292928384849495959,00:00:00,Seeing my friends ,The day after an assignment/exam
2023-04-04 12:11:37.578,Comp Sci,1,0,NaN,0,2,8,1998-12-10,24.0,300,0,NaN,2,5,02:00:00,Nice food ,Coffee
2023-04-04 12:11:37.814,BA,1,NaN,1,1,1,1,2000-05-29,22.0,350,0,25,7,15,01:00:00,Good weather ,Fun activities planned 
2023-04-04 12:11:38.108,AI,1,1,1,1,1,1,,,350,0,0,NaN,π,,wake up,sunny
2023-04-04 12:11:39.176,AI,1,1,1,1,1,1,2001-01-03,22.0,275,0,69,8,420,,gym,good food
2023-04-04 12:11:39.330,AI,1,1,1,1,2,1,1999-11-19,23.0,298,NaN,0,7,1036275026301647291280104720,23:00:00,Playing sports,Sleeping well
2023-04-04 12:11:39.445,CS,1,1,1,0,1,1,2002-02-20,21.0,400,0,20,5,37,00:30:00,Pancakes ,Sport
2023-04-04 12:11:39.777,CS,1,0,1,0,2,1,2001-01-16,22.0,387,0,15,4,16,01:00:00,A sunny day,A day spent with friends
2023-04-04 12:11:39.892,BA,1,1,1,1,1,1,,,386,0,2,10,4,03:00:00,Arsenal wins,Having fun
2023-04-04 12:11:41.018,AI,1,1,1,1,2,0,2000-06-04,22.0,200,0,70,6,9,23:30:00,Sleeping,Eating
2023-04-04 12:11:41.105,CS,0,0,1,0,2,0,,,150,0,70,2,7,01:00:00,Getting up on time ,Not crossing paths with rude people 
2023-04-04 12:11:42.515,AI,0,0,1,0,1,1,1996-02-06,27.0,600,0,20,1,666,00:20:00,"Sun, love and beer",Work
2023-04-04 12:11:42.948,BA,1,NaN,1,1,2,0,,,228,0,0,20,3,22:53:00,Fun,Sun
2023-04-04 12:11:43.322,AI,1,1,1,1,2,0,1998-08-04,24.0,280,0,65,1,4,22:00:00,Sunshine,Good food
2023-04-04 12:11:43.882,CS,1,0,1,1,1,0,,,400,0,80,5,94,02:00:00,Challenge accepted,Challenge completed
2023-04-04 12:11:44.230,CS,0,0,NaN,1,2,1,,,260,1,88,0,77,02:00:00,sunshine,nice feeling about myself
2023-04-04 12:11:44.324,BA,1,NaN,1,1,2,1,1998-03-29,25.0,326,1,80,10,3,23:30:00,Sunshine ,Joking 
2023-04-04 12:11:44.617,CS,1,0,0,1,7,8,,,230,NaN,NaN,3,No,01:00:00,It being my birthday,Goud gele rakker 
2023-04-04 12:11:46.443,AI,0,0,1,0,1,1,,,280,0,50,8,16533333,00:30:00,Sunshine,Productivity
2023-04-04 12:11:47.232,CS,0,0,1,0,1,1,1997-08-18,25.0,550,0,7,4,82,00:00:00,Nice movie,Having a walk
2023-04-04 12:11:47.299,BA,1,0,1,1,1,1,,,500,0,0,8,11,03:00:00,Laughing a lot,Having done a sport
2023-04-04 12:11:49.088,3rd Gr,1,1,1,1,1,1,,,436,0,NaN,53,"RandomStream RNG, RNG.nextInt()",,Saturday,Sunday
2023-04-04 12:11:49.912,CS,1,1,1,1,2,1,,,250,0,60,20,214876378,02:00:00,Good food,No shitty people
2023-04-04 12:11:53.561,BA,1,1,1,1,1,1,1999-12-31,23.0,350,0,33,5,102,01:00:00,Good food,Hanging with friends
2023-04-04 12:11:54.680,AI,1,1,1,1,1,1,1997-10-27,25.0,305,0,17,3,2323,00:40:00,Sunshine,Good night sleep
2023-04-04 12:11:55.197,AI,1,1,1,1,2,0,1999-07-13,23.0,312,0,40,5,12,01:00:00,Sun,Coffee
2023-04-04 12:11:56.145,AI,0,0,1,0,1,0,1998-08-08,24.0,623,0,40,3,2,23:20:00,Well rested ,Interesting book or podcast 
2023-04-04 12:11:56.210,CS,1,0,1,1,2,1,1993-09-09,29.0,500,0,100,3,8512,01:30:00,Good weather,My dog
2023-04-04 12:11:57.730,AI,1,1,1,0,7,1,,,205,0,20,6,37,23:17:00,Sex in the morning,Pancakes
2023-04-04 12:11:59.471,BA,1,1,1,1,1,1,2000-10-26,22.0,567,0,NaN,NaN,Random(),,Sun,Freeeeeee
2023-04-04 12:12:00.271,CS,1,0,1,1,1,1,,,340,0,60,10,42,03:00:00,Good food,Koen's smile
2023-04-04 12:12:00.316,BA,1,0,1,0,2,1,,,500,0,0,3,68,02:00:00,Hanging out with friends,Working out
2023-04-04 12:12:01.983,Data Eng,1,0,0,1,1,1,2000-01-24,23.0,100,0,75,8,24,23:00:00,Winning dota2 rank,Winning one on one in basketball 
2023-04-04 12:12:02.042,BA,1,1,1,1,1,1,2000-09-14,22.0,421,0,53,8,69,23:00:00,Playing sports,Being with people I like
2023-04-04 12:12:02.400,BA,1,0,1,1,2,0,,,200,0,10,5,78.5,22:30:00,"Sun, alcohol, sex, no study stress or job stress",Being on a holiday
2023-04-04 12:12:03.108,AI,1,NaN,1,1,6,1,,,NaN,0,NaN,7,13,00:00:00,Snacks,A nice dump (after the snacks)
2023-04-04 12:12:04.366,CS,1,1,1,1,1,1,2001-02-12,22.0,350,0,20,6,69420,00:00:00,Sex,Good weather
2023-04-04 12:12:04.540,CS,1,1,1,1,1,1,2000-09-28,22.0,250,0,80,3,3141592654,02:30:00,Good food,Sunshine and no stress
2023-04-04 12:12:04.672,Comp Sci,1,0,1,0,1,1,,,201,0,75,0,42,23:00:00,meeting a new person,working-studying efficiently for at least 4 hours 
2023-04-04 12:12:05.013,AI,1,0,1,1,1,8,1999-01-15,24.0,200,0,20,6,4,00:00:00,When Frank Ocean drops a new album.,Spending the day with my loved ones.
2023-04-04 12:12:09.042,Comp Sci,0,0,1,0,1,0,,,369,0,10,10,174992743767170986614528561693140082645737811577316442052874391266145328098797068772670943298606528943020417807882457877805860481666847236524317914123650458034510555953589450116267181781741717063836106752,03:00:00,start of weekend,activities
2023-04-04 12:12:15.649,Comp Sci,0,0,1,0,1,1,1997-11-06,25.0,300,0,25,2,3,00:30:00,Meeting friends,Nice weather
2023-04-04 12:12:16.475,Finance,1,0,1,1,2,0,2000-07-10,22.0,428,0,44,7,7,23:45:00,Good weather,Good company 
2023-04-04 12:12:16.565,CS,1,0,1,1,1,1,1999-11-02,23.0,280,1,75,3,373629566,02:30:00,Food,Communication 
2023-04-04 12:12:16.805,PHD,1,1,1,1,1,0,1997-08-28,25.0,300,0,60,4,3,23:45:00,My code runs without errors before 17:00,Meet some new interesting people
2023-04-04 12:12:17.652,CS,0,0,1,0,2,0,1997-09-27,25.0,NaN,0,25,3,1,01:00:00,Pleasant atmosphere and weather around me,Exploring new things 
2023-04-04 12:12:19.468,BA,1,1,1,1,1,1,2001-04-28,21.0,300,0,0,3,7,02:00:00,Winning the lottery,Watching Samson & Gert
2023-04-04 12:12:19.598,CS,1,0,1,0,2,1,,,NaN,0,70,1,8,03:00:00,good weather ,passing exams
2023-04-04 12:12:20.158,CS,1,0,1,0,2,0,,,350,0,56,2,146,00:30:00,puppies,good food
2023-04-04 12:12:20.460,AI,1,0,1,0,2,1,,,200,NaN,66,4,|,01:00:00,Friends,Food
2023-04-04 12:12:20.830,CS,1,NaN,1,1,1,1,1999-10-06,23.0,400,0,69,10,1234567890,01:30:00,Good food,Nice weather
2023-04-04 12:12:22.616,Comp Sci,1,1,1,1,1,1,1999-01-22,24.0,350,0,1,2,51,01:00:00,Having drinks with friends,Playing padel
2023-04-04 12:12:25.497,CS,1,1,1,1,1,0,1996-11-18,26.0,250,0,90,2,7,01:00:00,reading bible,going to church
2023-04-04 12:12:28.643,AI,1,1,1,1,2,1,1999-07-27,23.0,300,0,50,4,2,01:00:00,Sun,Good coffee
2023-04-04 12:12:28.952,BA,1,1,1,1,1,1,2000-11-19,22.0,200,0,99,8,7,00:00:00,Getting a win in warzone,Watching Ajax win 
2023-04-04 12:12:31.110,CS,0,NaN,NaN,0,2,0,1981-09-17,41.0,550,0,0,5,2,21:30:00,No arguments with anyone,When my family is  safe and happy
2023-04-04 12:12:39.342,CS,1,0,1,1,1,1,,,224,0,10,4,-3.14,23:00:00,"A bit of study , a bit of wine , a bit of sex , a bit of tv , sun but not too hot","Rainy sunday  , i am inside listening to my playlist on spotify and making a stew."
2023-04-04 12:12:51.300,AI,0,0,1,0,1,1,,,200,1,50,2,114514,23:30:00,video game,board game
2023-04-04 12:12:52.144,CS,1,0,NaN,0,7,0,1999-09-10,23.0,200,0,20,2,2020,02:30:00,Good grades,When figuring out something 
2023-04-04 12:12:52.493,AI,1,0,1,1,1,8,2000-01-10,23.0,180,0,15,0,47,00:00:00,Mood,Fun activities 
2023-04-04 12:12:54.930,CS,1,0,0,0,2,1,2000-11-19,22.0,476,0,57,3,9,23:00:00,Sunshine,Sex
2023-04-04 12:12:55.296,AI,0,0,1,1,1,1,,,300,0,60,5,8108918957834,00:00:00,Sunny,Good food
2023-04-04 12:13:15.095,CS,1,NaN,1,1,1,0,1999-05-14,23.0,400,0,30,2,748,02:00:00,Gib vacation pls,When I longboard with the bois
2023-04-04 12:13:21.473,CS,1,0,1,0,2,0,,,450,0,28,2,7,23:30:00,Sunshine,Love
2023-04-04 12:13:23.588,CS,1,0,1,0,1,0,1994-12-02,28.0,198,0,45,0,28,23:00:00,Friday,Saturday
2023-04-04 12:13:27.796,CS,1,0,1,0,1,1,1996-06-13,26.0,400,0,80,8,69,03:00:00,Go outisde,Friends
2023-04-04 12:13:31.269,CS,1,1,0,1,1,8,2000-07-25,22.0,200,0,70,10,67,01:00:00,Good meal.,Nice weather.
2023-04-04 12:13:32.854,Exch,0,0,NaN,1,1,0,1996-12-13,26.0,400,0,70,0,13,01:09:00,Productive ,Successful 
2023-04-04 12:13:41.702,CS,1,NaN,1,0,2,0,,,150,0,10,5,18,04:00:00,Nice people,Educational accomplishments
2023-04-04 12:14:41.914,AI,1,0,1,1,5,0,1996-09-04,26.0,NaN,1,NaN,NaN,69. ,,never before seen trauma ,you :)
2023-04-04 12:28:05.558,CS,0,1,1,1,2,0,,,200,1,80,3,10,22:00:00,Good meal,Sport
